Modelo,Tiempo de Entrenamiento (s),MSE
KNN,0.042000532150268555,1.1821968901554925
Regresión Lineal,0.07616734504699707,1.1231515577726263
